YearsExperience,Salary
1.1,90993.89001
1.3,65802.90386
1.5,95329.40239
2,58632.31779
2.2,5257.912366
2.9,23937.74011
3,39012.20546
3.2,52358.49101
3.2,11499.43234
3.7,89531.7109
3.9,3151.14519
4,88917.93129
4,22230.34175
4.1,8640.808904
4.5,64274.16793
4.9,38362.83442
5.1,64037.38637
5.3,59250.9953
5.9,39406.08662
6,46139.81208
6.8,76573.62541
7.1,14246.03524
7.9,15152.96144
8.2,62168.96307
8.7,37585.53424
9,58173.94337
9.5,62108.46592
9.6,35810.64686
10.3,49824.87371
10.5,98537.59602
